ticker,quarter,period_of_report_date,filing_date,start_date,end_date,balance_sheet_other_noncurrent_assets_value,balance_sheet_other_noncurrent_assets_unit,balance_sheet_other_noncurrent_assets_label,balance_sheet_other_noncurrent_assets_order,balance_sheet_fixed_assets_value,balance_sheet_fixed_assets_unit,balance_sheet_fixed_assets_label,balance_sheet_fixed_assets_order,balance_sheet_inventory_value,balance_sheet_inventory_unit,balance_sheet_inventory_label,balance_sheet_inventory_order,balance_sheet_liabilities_and_equity_value,balance_sheet_liabilities_and_equity_unit,balance_sheet_liabilities_and_equity_label,balance_sheet_liabilities_and_equity_order,balance_sheet_current_assets_value,balance_sheet_current_assets_unit,balance_sheet_current_assets_label,balance_sheet_current_assets_order,balance_sheet_accounts_payable_value,balance_sheet_accounts_payable_unit,balance_sheet_accounts_payable_label,balance_sheet_accounts_payable_order,balance_sheet_noncurrent_assets_value,balance_sheet_noncurrent_assets_unit,balance_sheet_noncurrent_assets_label,balance_sheet_noncurrent_assets_order,balance_sheet_other_noncurrent_liabilities_value,balance_sheet_other_noncurrent_liabilities_unit,balance_sheet_other_noncurrent_liabilities_label,balance_sheet_other_noncurrent_liabilities_order,balance_sheet_other_current_liabilities_value,balance_sheet_other_current_liabilities_unit,balance_sheet_other_current_liabilities_label,balance_sheet_other_current_liabilities_order,balance_sheet_noncurrent_liabilities_value,balance_sheet_noncurrent_liabilities_unit,balance_sheet_noncurrent_liabilities_label,balance_sheet_noncurrent_liabilities_order,balance_sheet_equity_value,balance_sheet_equity_unit,balance_sheet_equity_label,balance_sheet_equity_order,balance_sheet_liabilities_value,balance_sheet_liabilities_unit,balance_sheet_liabilities_label,balance_sheet_liabilities_order,balance_sheet_other_current_assets_value,balance_sheet_other_current_assets_unit,balance_sheet_other_current_assets_label,balance_sheet_other_current_assets_order,balance_sheet_equity_attributable_to_noncontrolling_interest_value,balance_sheet_equity_attributable_to_noncontrolling_interest_unit,balance_sheet_equity_attributable_to_noncontrolling_interest_label,balance_sheet_equity_attributable_to_noncontrolling_interest_order,balance_sheet_assets_value,balance_sheet_assets_unit,balance_sheet_assets_label,balance_sheet_assets_order,balance_sheet_current_liabilities_value,balance_sheet_current_liabilities_unit,balance_sheet_current_liabilities_label,balance_sheet_current_liabilities_order,balance_sheet_long_term_debt_value,balance_sheet_long_term_debt_unit,balance_sheet_long_term_debt_label,balance_sheet_long_term_debt_order,balance_sheet_equity_attributable_to_parent_value,balance_sheet_equity_attributable_to_parent_unit,balance_sheet_equity_attributable_to_parent_label,balance_sheet_equity_attributable_to_parent_order,comprehensive_income_other_comprehensive_income_loss_value,comprehensive_income_other_comprehensive_income_loss_unit,comprehensive_income_other_comprehensive_income_loss_label,comprehensive_income_other_comprehensive_income_loss_order,comprehensive_income_comprehensive_income_loss_attributable_to_parent_value,comprehensive_income_comprehensive_income_loss_attributable_to_parent_unit,comprehensive_income_comprehensive_income_loss_attributable_to_parent_label,comprehensive_income_comprehensive_income_loss_attributable_to_parent_order,comprehensive_income_comprehensive_income_loss_value,comprehensive_income_comprehensive_income_loss_unit,comprehensive_income_comprehensive_income_loss_label,comprehensive_income_comprehensive_income_loss_order,comprehensive_income_other_comprehensive_income_loss_attributable_to_parent_value,comprehensive_income_other_comprehensive_income_loss_attributable_to_parent_unit,comprehensive_income_other_comprehensive_income_loss_attributable_to_parent_label,comprehensive_income_other_comprehensive_income_loss_attributable_to_parent_order,comprehensive_income_comprehensive_income_loss_attributable_to_noncontrolling_interest_value,comprehensive_income_comprehensive_income_loss_attributable_to_noncontrolling_interest_unit,comprehensive_income_comprehensive_income_loss_attributable_to_noncontrolling_interest_label,comprehensive_income_comprehensive_income_loss_attributable_to_noncontrolling_interest_order,cash_flow_statement_net_cash_flow_from_investing_activities_continuing_value,cash_flow_statement_net_cash_flow_from_investing_activities_continuing_unit,cash_flow_statement_net_cash_flow_from_investing_activities_continuing_label,cash_flow_statement_net_cash_flow_from_investing_activities_continuing_order,cash_flow_statement_net_cash_flow_continuing_value,cash_flow_statement_net_cash_flow_continuing_unit,cash_flow_statement_net_cash_flow_continuing_label,cash_flow_statement_net_cash_flow_continuing_order,cash_flow_statement_net_cash_flow_from_financing_activities_value,cash_flow_statement_net_cash_flow_from_financing_activities_unit,cash_flow_statement_net_cash_flow_from_financing_activities_label,cash_flow_statement_net_cash_flow_from_financing_activities_order,cash_flow_statement_net_cash_flow_from_operating_activities_continuing_value,cash_flow_statement_net_cash_flow_from_operating_activities_continuing_unit,cash_flow_statement_net_cash_flow_from_operating_activities_continuing_label,cash_flow_statement_net_cash_flow_from_operating_activities_continuing_order,cash_flow_statement_net_cash_flow_from_financing_activities_continuing_value,cash_flow_statement_net_cash_flow_from_financing_activities_continuing_unit,cash_flow_statement_net_cash_flow_from_financing_activities_continuing_label,cash_flow_statement_net_cash_flow_from_financing_activities_continuing_order,cash_flow_statement_net_cash_flow_from_investing_activities_value,cash_flow_statement_net_cash_flow_from_investing_activities_unit,cash_flow_statement_net_cash_flow_from_investing_activities_label,cash_flow_statement_net_cash_flow_from_investing_activities_order,cash_flow_statement_net_cash_flow_value,cash_flow_statement_net_cash_flow_unit,cash_flow_statement_net_cash_flow_label,cash_flow_statement_net_cash_flow_order,cash_flow_statement_net_cash_flow_from_operating_activities_value,cash_flow_statement_net_cash_flow_from_operating_activities_unit,cash_flow_statement_net_cash_flow_from_operating_activities_label,cash_flow_statement_net_cash_flow_from_operating_activities_order,income_statement_gross_profit_value,income_statement_gross_profit_unit,income_statement_gross_profit_label,income_statement_gross_profit_order,income_statement_net_income_loss_value,income_statement_net_income_loss_unit,income_statement_net_income_loss_label,income_statement_net_income_loss_order,income_statement_diluted_earnings_per_share_value,income_statement_diluted_earnings_per_share_unit,income_statement_diluted_earnings_per_share_label,income_statement_diluted_earnings_per_share_order,income_statement_revenues_value,income_statement_revenues_unit,income_statement_revenues_label,income_statement_revenues_order,income_statement_costs_and_expenses_value,income_statement_costs_and_expenses_unit,income_statement_costs_and_expenses_label,income_statement_costs_and_expenses_order,income_statement_diluted_average_shares_value,income_statement_diluted_average_shares_unit,income_statement_diluted_average_shares_label,income_statement_diluted_average_shares_order,income_statement_preferred_stock_dividends_and_other_adjustments_value,income_statement_preferred_stock_dividends_and_other_adjustments_unit,income_statement_preferred_stock_dividends_and_other_adjustments_label,income_statement_preferred_stock_dividends_and_other_adjustments_order,income_statement_participating_securities_distributed_and_undistributed_earnings_loss_basic_value,income_statement_participating_securities_distributed_and_undistributed_earnings_loss_basic_unit,income_statement_participating_securities_distributed_and_undistributed_earnings_loss_basic_label,income_statement_participating_securities_distributed_and_undistributed_earnings_loss_basic_order,income_statement_basic_earnings_per_share_value,income_statement_basic_earnings_per_share_unit,income_statement_basic_earnings_per_share_label,income_statement_basic_earnings_per_share_order,income_statement_net_income_loss_attributable_to_parent_value,income_statement_net_income_loss_attributable_to_parent_unit,income_statement_net_income_loss_attributable_to_parent_label,income_statement_net_income_loss_attributable_to_parent_order,income_statement_selling_general_and_administrative_expenses_value,income_statement_selling_general_and_administrative_expenses_unit,income_statement_selling_general_and_administrative_expenses_label,income_statement_selling_general_and_administrative_expenses_order,income_statement_benefits_costs_expenses_value,income_statement_benefits_costs_expenses_unit,income_statement_benefits_costs_expenses_label,income_statement_benefits_costs_expenses_order,income_statement_income_loss_from_continuing_operations_after_tax_value,income_statement_income_loss_from_continuing_operations_after_tax_unit,income_statement_income_loss_from_continuing_operations_after_tax_label,income_statement_income_loss_from_continuing_operations_after_tax_order,income_statement_income_loss_from_continuing_operations_before_tax_value,income_statement_income_loss_from_continuing_operations_before_tax_unit,income_statement_income_loss_from_continuing_operations_before_tax_label,income_statement_income_loss_from_continuing_operations_before_tax_order,income_statement_cost_of_revenue_value,income_statement_cost_of_revenue_unit,income_statement_cost_of_revenue_label,income_statement_cost_of_revenue_order,income_statement_basic_average_shares_value,income_statement_basic_average_shares_unit,income_statement_basic_average_shares_label,income_statement_basic_average_shares_order,income_statement_net_income_loss_attributable_to_noncontrolling_interest_value,income_statement_net_income_loss_attributable_to_noncontrolling_interest_unit,income_statement_net_income_loss_attributable_to_noncontrolling_interest_label,income_statement_net_income_loss_attributable_to_noncontrolling_interest_order,income_statement_operating_income_loss_value,income_statement_operating_income_loss_unit,income_statement_operating_income_loss_label,income_statement_operating_income_loss_order,income_statement_research_and_development_value,income_statement_research_and_development_unit,income_statement_research_and_development_label,income_statement_research_and_development_order,income_statement_nonoperating_income_loss_value,income_statement_nonoperating_income_loss_unit,income_statement_nonoperating_income_loss_label,income_statement_nonoperating_income_loss_order,income_statement_income_tax_expense_benefit_value,income_statement_income_tax_expense_benefit_unit,income_statement_income_tax_expense_benefit_label,income_statement_income_tax_expense_benefit_order,income_statement_operating_expenses_value,income_statement_operating_expenses_unit,income_statement_operating_expenses_label,income_statement_operating_expenses_order,income_statement_net_income_loss_available_to_common_stockholders_basic_value,income_statement_net_income_loss_available_to_common_stockholders_basic_unit,income_statement_net_income_loss_available_to_common_stockholders_basic_label,income_statement_net_income_loss_available_to_common_stockholders_basic_order,acceptance_datetime,timeframe,fiscal_period,fiscal_year,cik,sic,tickers,company_name,source_filing_url,source_filing_file_url,income_statement_interest_expense_operating_value,income_statement_interest_expense_operating_unit,income_statement_interest_expense_operating_label,income_statement_interest_expense_operating_order,income_statement_income_tax_expense_benefit_deferred_value,income_statement_income_tax_expense_benefit_deferred_unit,income_statement_income_tax_expense_benefit_deferred_label,income_statement_income_tax_expense_benefit_deferred_order
AAPL,Q3 2024,,2024-08-02,2024-03-31,2024-06-29,161675000000.0,USD,Other Non-current Assets,350,44502000000.0,USD,Fixed Assets,320,6165000000.0,USD,Inventory,230,331612000000.0,USD,Liabilities And Equity,1900,125435000000.0,USD,Current Assets,200,47574000000.0,USD,Accounts Payable,710,206177000000.0,USD,Noncurrent Assets,300,34980000000.0,USD,Other Non-current Liabilities,820.0,84050000000.0,USD,Other Current Liabilities,740,133280000000.0,USD,Noncurrent Liabilities,800,66708000000.0,USD,Equity,1400,264904000000.0,USD,Liabilities,600,119270000000.0,USD,Other Current Assets,250,0,USD,Equity Attributable To Noncontrolling Interest,1500,331612000000.0,USD,Assets,100,131624000000.0,USD,Current Liabilities,700,98300000000.0,USD,Long-term Debt,810.0,66708000000.0,USD,Equity Attributable To Parent,1600,21992000000.0,USD,Other Comprehensive Income/Loss,400,21992000000.0,USD,Comprehensive Income/Loss Attributable To Parent,300,21992000000.0,USD,Comprehensive Income/Loss,100,544000000.0,USD,Other Comprehensive Income/Loss Attributable To Parent,600,0,USD,Comprehensive Income/Loss Attributable To Noncontrolling Interest,200,-127000000.0,USD,"Net Cash Flow From Investing Activities, Continuing",500,-7286000000.0,USD,"Net Cash Flow, Continuing",1200,-36017000000.0,USD,Net Cash Flow From Financing Activities,700,28858000000.0,USD,"Net Cash Flow From Operating Activities, Continuing",200,-36017000000.0,USD,"Net Cash Flow From Financing Activities, Continuing",800,-127000000.0,USD,Net Cash Flow From Investing Activities,400,-7286000000.0,USD,Net Cash Flow,1100,28858000000.0,USD,Net Cash Flow From Operating Activities,100,39678000000.0,USD,Gross Profit,800,21448000000.0,USD,Net Income/Loss,3200,1.4,USD / shares,Diluted Earnings Per Share,4300,85777000000.0,USD,Revenues,100,60283000000.0,USD,Costs And Expenses,600,15348175000.0,shares,Diluted Average Shares,4500,0,USD,Preferred Stock Dividends And Other Adjustments,3900,0,USD,"Participating Securities, Distributed And Undistributed Earnings/Loss, Basic",3800,1.4,USD / shares,Basic Earnings Per Share,4200,21448000000.0,USD,Net Income/Loss Attributable To Parent,3500,6320000000.0,USD,"Selling, General, and Administrative Expenses",1010,60283000000.0,USD,Benefits Costs and Expenses,200,21448000000.0,USD,Income/Loss From Continuing Operations After Tax,1400,25494000000.0,USD,Income/Loss From Continuing Operations Before Tax,1500,46099000000.0,USD,Cost Of Revenue,300,15287521000.0,shares,Basic Average Shares,4400,0,USD,Net Income/Loss Attributable To Noncontrolling Interest,3300,25352000000.0,USD,Operating Income/Loss,1100,8006000000.0,USD,Research and Development,1030,142000000.0,USD,Nonoperating Income/Loss,900,4046000000.0,USD,Income Tax Expense/Benefit,2200,14326000000.0,USD,Operating Expenses,1000,21448000000.0,USD,"Net Income/Loss Available To Common Stockholders, Basic",3700,2024-08-01T22:03:34Z,quarterly,Q3,2024,0000320193,3571,['AAPL'],Apple Inc.,https://api.polygon.io/v1/reference/sec/filings/0000320193-24-000081,http://api.polygon.io/v1/reference/sec/filings/0000320193-24-000081/files/aapl-20240629_htm.xml,,,,,,,,
AAPL,Q2 2024,,2024-05-03,2023-12-31,2024-03-30,165449000000.0,USD,Other Non-current Assets,350,43546000000.0,USD,Fixed Assets,320,6232000000.0,USD,Inventory,230,337411000000.0,USD,Liabilities And Equity,1900,128416000000.0,USD,Current Assets,200,45753000000.0,USD,Accounts Payable,710,208995000000.0,USD,Noncurrent Assets,300,36795000000.0,USD,Other Non-current Liabilities,820.0,78069000000.0,USD,Other Current Liabilities,740,139395000000.0,USD,Noncurrent Liabilities,800,74194000000.0,USD,Equity,1400,263217000000.0,USD,Liabilities,600,122184000000.0,USD,Other Current Assets,250,0,USD,Equity Attributable To Noncontrolling Interest,1500,337411000000.0,USD,Assets,100,123822000000.0,USD,Current Liabilities,700,102600000000.0,USD,Long-term Debt,810.0,74194000000.0,USD,Equity Attributable To Parent,1600,24054000000.0,USD,Other Comprehensive Income/Loss,400,24054000000.0,USD,Comprehensive Income/Loss Attributable To Parent,300,24054000000.0,USD,Comprehensive Income/Loss,100,418000000.0,USD,Other Comprehensive Income/Loss Attributable To Parent,600,0,USD,Comprehensive Income/Loss Attributable To Noncontrolling Interest,200,-310000000.0,USD,"Net Cash Flow From Investing Activities, Continuing",500,-8053000000.0,USD,"Net Cash Flow, Continuing",1200,-30433000000.0,USD,Net Cash Flow From Financing Activities,700,22690000000.0,USD,"Net Cash Flow From Operating Activities, Continuing",200,-30433000000.0,USD,"Net Cash Flow From Financing Activities, Continuing",800,-310000000.0,USD,Net Cash Flow From Investing Activities,400,-8053000000.0,USD,Net Cash Flow,1100,22690000000.0,USD,Net Cash Flow From Operating Activities,100,42271000000.0,USD,Gross Profit,800,23636000000.0,USD,Net Income/Loss,3200,1.53,USD / shares,Diluted Earnings Per Share,4300,90753000000.0,USD,Revenues,100,62695000000.0,USD,Costs And Expenses,600,15464709000.0,shares,Diluted Average Shares,4500,0,USD,Preferred Stock Dividends And Other Adjustments,3900,0,USD,"Participating Securities, Distributed And Undistributed Earnings/Loss, Basic",3800,1.53,USD / shares,Basic Earnings Per Share,4200,23636000000.0,USD,Net Income/Loss Attributable To Parent,3500,6468000000.0,USD,"Selling, General, and Administrative Expenses",1010,62695000000.0,USD,Benefits Costs and Expenses,200,23636000000.0,USD,Income/Loss From Continuing Operations After Tax,1400,28058000000.0,USD,Income/Loss From Continuing Operations Before Tax,1500,48482000000.0,USD,Cost Of Revenue,300,15405856000.0,shares,Basic Average Shares,4400,0,USD,Net Income/Loss Attributable To Noncontrolling Interest,3300,27900000000.0,USD,Operating Income/Loss,1100,7903000000.0,USD,Research and Development,1030,158000000.0,USD,Nonoperating Income/Loss,900,4422000000.0,USD,Income Tax Expense/Benefit,2200,14371000000.0,USD,Operating Expenses,1000,23636000000.0,USD,"Net Income/Loss Available To Common Stockholders, Basic",3700,2024-05-02T22:04:25Z,quarterly,Q2,2024,0000320193,3571,['AAPL'],Apple Inc.,https://api.polygon.io/v1/reference/sec/filings/0000320193-24-000069,http://api.polygon.io/v1/reference/sec/filings/0000320193-24-000069/files/aapl-20240330_htm.xml,,,,,,,,
AAPL,Q1 2020,,2020-01-29,2019-09-29,2019-12-28,140356000000.0,USD,Other Non-current Assets,350,37031000000.0,USD,Fixed Assets,320,4097000000.0,USD,Inventory,230,340618000000.0,USD,Liabilities And Equity,1900,163231000000.0,USD,Current Assets,200,45111000000.0,USD,Accounts Payable,710,177387000000.0,USD,Noncurrent Assets,300,,,,,57050000000.0,USD,Other Current Liabilities,740,148926000000.0,USD,Noncurrent Liabilities,800,89531000000.0,USD,Equity,1400,251087000000.0,USD,Liabilities,600,159134000000.0,USD,Other Current Assets,250,0,USD,Equity Attributable To Noncontrolling Interest,1500,340618000000.0,USD,Assets,100,102161000000.0,USD,Current Liabilities,700,,,,,89531000000.0,USD,Equity Attributable To Parent,1600,0.0,USD,Other Comprehensive Income/Loss,400,22266000000.0,USD,Comprehensive Income/Loss Attributable To Parent,300,22236000000.0,USD,Comprehensive Income/Loss,100,30000000.0,USD,Other Comprehensive Income/Loss Attributable To Parent,600,0,USD,Comprehensive Income/Loss Attributable To Noncontrolling Interest,200,-13668000000.0,USD,"Net Cash Flow From Investing Activities, Continuing",500,-8559000000.0,USD,"Net Cash Flow, Continuing",1200,-25407000000.0,USD,Net Cash Flow From Financing Activities,700,30516000000.0,USD,"Net Cash Flow From Operating Activities, Continuing",200,-25407000000.0,USD,"Net Cash Flow From Financing Activities, Continuing",800,-13668000000.0,USD,Net Cash Flow From Investing Activities,400,-8559000000.0,USD,Net Cash Flow,1100,30516000000.0,USD,Net Cash Flow From Operating Activities,100,35217000000.0,USD,Gross Profit,800,22236000000.0,USD,Net Income/Loss,3200,1.25,USD / shares,Diluted Earnings Per Share,4300,91819000000.0,USD,Revenues,100,0.0,USD,Costs And Expenses,600,4454604000.0,shares,Diluted Average Shares,4500,0,USD,Preferred Stock Dividends And Other Adjustments,3900,0,USD,"Participating Securities, Distributed And Undistributed Earnings/Loss, Basic",3800,1.26,USD / shares,Basic Earnings Per Share,4200,22236000000.0,USD,Net Income/Loss Attributable To Parent,3500,5197000000.0,USD,"Selling, General, and Administrative Expenses",1010,0.0,USD,Benefits Costs and Expenses,200,22236000000.0,USD,Income/Loss From Continuing Operations After Tax,1400,25918000000.0,USD,Income/Loss From Continuing Operations Before Tax,1500,56602000000.0,USD,Cost Of Revenue,300,4415040000.0,shares,Basic Average Shares,4400,0,USD,Net Income/Loss Attributable To Noncontrolling Interest,3300,25569000000.0,USD,Operating Income/Loss,1100,4451000000.0,USD,Research and Development,1030,349000000.0,USD,Nonoperating Income/Loss,900,3682000000.0,USD,Income Tax Expense/Benefit,2200,9648000000.0,USD,Operating Expenses,1000,22236000000.0,USD,"Net Income/Loss Available To Common Stockholders, Basic",3700,,quarterly,Q1,2020,0000320193,3571,['AAPL'],Apple Inc.,https://api.polygon.io/v1/reference/sec/filings/0000320193-20-000010,http://api.polygon.io/v1/reference/sec/filings/0000320193-20-000010/files/a10-qq1202012282019_htm.xml,785000000.0,USD,"Interest Expense, Operating",2700.0,-349000000.0,USD,"Income Tax Expense/Benefit, Deferred",2400.0
AAPL,Q2 2020,,2020-05-01,2019-12-29,2020-03-28,140758000000.0,USD,Other Non-current Assets,350,35889000000.0,USD,Fixed Assets,320,3334000000.0,USD,Inventory,230,320400000000.0,USD,Liabilities And Equity,1900,143753000000.0,USD,Current Assets,200,32421000000.0,USD,Accounts Payable,710,176647000000.0,USD,Noncurrent Assets,300,,,,,63673000000.0,USD,Other Current Liabilities,740,145881000000.0,USD,Noncurrent Liabilities,800,78425000000.0,USD,Equity,1400,241975000000.0,USD,Liabilities,600,140419000000.0,USD,Other Current Assets,250,0,USD,Equity Attributable To Noncontrolling Interest,1500,320400000000.0,USD,Assets,100,96094000000.0,USD,Current Liabilities,700,,,,,78425000000.0,USD,Equity Attributable To Parent,1600,0.0,USD,Other Comprehensive Income/Loss,400,8878000000.0,USD,Comprehensive Income/Loss Attributable To Parent,300,11249000000.0,USD,Comprehensive Income/Loss,100,-2371000000.0,USD,Other Comprehensive Income/Loss Attributable To Parent,600,0,USD,Comprehensive Income/Loss Attributable To Noncontrolling Interest,200,9013000000.0,USD,"Net Cash Flow From Investing Activities, Continuing",500,1384000000.0,USD,"Net Cash Flow, Continuing",1200,-20940000000.0,USD,Net Cash Flow From Financing Activities,700,13311000000.0,USD,"Net Cash Flow From Operating Activities, Continuing",200,-20940000000.0,USD,"Net Cash Flow From Financing Activities, Continuing",800,9013000000.0,USD,Net Cash Flow From Investing Activities,400,1384000000.0,USD,Net Cash Flow,1100,13311000000.0,USD,Net Cash Flow From Operating Activities,100,22370000000.0,USD,Gross Profit,800,11249000000.0,USD,Net Income/Loss,3200,0.64,USD / shares,Diluted Earnings Per Share,4300,58313000000.0,USD,Revenues,100,0.0,USD,Costs And Expenses,600,4404691000.0,shares,Diluted Average Shares,4500,0,USD,Preferred Stock Dividends And Other Adjustments,3900,0,USD,"Participating Securities, Distributed And Undistributed Earnings/Loss, Basic",3800,0.64,USD / shares,Basic Earnings Per Share,4200,11249000000.0,USD,Net Income/Loss Attributable To Parent,3500,4952000000.0,USD,"Selling, General, and Administrative Expenses",1010,0.0,USD,Benefits Costs and Expenses,200,11249000000.0,USD,Income/Loss From Continuing Operations After Tax,1400,13135000000.0,USD,Income/Loss From Continuing Operations Before Tax,1500,35943000000.0,USD,Cost Of Revenue,300,4360101000.0,shares,Basic Average Shares,4400,0,USD,Net Income/Loss Attributable To Noncontrolling Interest,3300,12853000000.0,USD,Operating Income/Loss,1100,4565000000.0,USD,Research and Development,1030,282000000.0,USD,Nonoperating Income/Loss,900,1886000000.0,USD,Income Tax Expense/Benefit,2200,9517000000.0,USD,Operating Expenses,1000,11249000000.0,USD,"Net Income/Loss Available To Common Stockholders, Basic",3700,,quarterly,Q2,2020,0000320193,3571,['AAPL'],Apple Inc.,https://api.polygon.io/v1/reference/sec/filings/0000320193-20-000052,http://api.polygon.io/v1/reference/sec/filings/0000320193-20-000052/files/a10-qq220203282020_htm.xml,757000000.0,USD,"Interest Expense, Operating",2700.0,-302000000.0,USD,"Income Tax Expense/Benefit, Deferred",2400.0
AAPL,Q3 2020,,2020-07-31,2020-03-29,2020-06-27,141592000000.0,USD,Other Non-current Assets,350,35687000000.0,USD,Fixed Assets,320,3978000000.0,USD,Inventory,230,317344000000.0,USD,Liabilities And Equity,1900,140065000000.0,USD,Current Assets,200,35325000000.0,USD,Accounts Payable,710,177279000000.0,USD,Noncurrent Assets,300,,,,,59993000000.0,USD,Other Current Liabilities,740,149744000000.0,USD,Noncurrent Liabilities,800,72282000000.0,USD,Equity,1400,245062000000.0,USD,Liabilities,600,136087000000.0,USD,Other Current Assets,250,0,USD,Equity Attributable To Noncontrolling Interest,1500,317344000000.0,USD,Assets,100,95318000000.0,USD,Current Liabilities,700,,,,,72282000000.0,USD,Equity Attributable To Parent,1600,0.0,USD,Other Comprehensive Income/Loss,400,13492000000.0,USD,Comprehensive Income/Loss Attributable To Parent,300,11253000000.0,USD,Comprehensive Income/Loss,100,2239000000.0,USD,Other Comprehensive Income/Loss Attributable To Parent,600,0,USD,Comprehensive Income/Loss Attributable To Noncontrolling Interest,200,-5165000000.0,USD,"Net Cash Flow From Investing Activities, Continuing",500,-8010000000.0,USD,"Net Cash Flow, Continuing",1200,-19116000000.0,USD,Net Cash Flow From Financing Activities,700,16271000000.0,USD,"Net Cash Flow From Operating Activities, Continuing",200,-19116000000.0,USD,"Net Cash Flow From Financing Activities, Continuing",800,-5165000000.0,USD,Net Cash Flow From Investing Activities,400,-8010000000.0,USD,Net Cash Flow,1100,16271000000.0,USD,Net Cash Flow From Operating Activities,100,22680000000.0,USD,Gross Profit,800,11253000000.0,USD,Net Income/Loss,3200,0.65,USD / shares,Diluted Earnings Per Share,4300,59685000000.0,USD,Revenues,100,0.0,USD,Costs And Expenses,600,4354788000.0,shares,Diluted Average Shares,4500,0,USD,Preferred Stock Dividends And Other Adjustments,3900,0,USD,"Participating Securities, Distributed And Undistributed Earnings/Loss, Basic",3800,0.65,USD / shares,Basic Earnings Per Share,4200,11253000000.0,USD,Net Income/Loss Attributable To Parent,3500,4831000000.0,USD,"Selling, General, and Administrative Expenses",1010,0.0,USD,Benefits Costs and Expenses,200,11253000000.0,USD,Income/Loss From Continuing Operations After Tax,1400,13137000000.0,USD,Income/Loss From Continuing Operations Before Tax,1500,37005000000.0,USD,Cost Of Revenue,300,4312573000.0,shares,Basic Average Shares,4400,0,USD,Net Income/Loss Attributable To Noncontrolling Interest,3300,13091000000.0,USD,Operating Income/Loss,1100,4758000000.0,USD,Research and Development,1030,46000000.0,USD,Nonoperating Income/Loss,900,1884000000.0,USD,Income Tax Expense/Benefit,2200,9589000000.0,USD,Operating Expenses,1000,11253000000.0,USD,"Net Income/Loss Available To Common Stockholders, Basic",3700,,quarterly,Q3,2020,0000320193,3571,['AAPL'],Apple Inc.,https://api.polygon.io/v1/reference/sec/filings/0000320193-20-000062,http://api.polygon.io/v1/reference/sec/filings/0000320193-20-000062/files/aapl-20200627_htm.xml,697000000.0,USD,"Interest Expense, Operating",2700.0,833000000.0,USD,"Income Tax Expense/Benefit, Deferred",2400.0
AAPL,Q4 2020,,,2020-06-28,2020-09-26,143409000000.0,USD,Other Non-current Assets,350,36766000000.0,USD,Fixed Assets,320,4061000000.0,USD,Inventory,230,323888000000.0,USD,Liabilities And Equity,1900,143713000000.0,USD,Current Assets,200,42296000000.0,USD,Accounts Payable,710,180175000000.0,USD,Noncurrent Assets,300,,,,,63096000000.0,USD,Other Current Liabilities,740,153157000000.0,USD,Noncurrent Liabilities,800,65339000000.0,USD,Equity,1400,258549000000.0,USD,Liabilities,600,139652000000.0,USD,Other Current Assets,250,0,USD,Equity Attributable To Noncontrolling Interest,1500,323888000000.0,USD,Assets,100,105392000000.0,USD,Current Liabilities,700,,,,,65339000000.0,USD,Equity Attributable To Parent,1600,0.0,USD,Other Comprehensive Income/Loss,400,12673000000.0,USD,Comprehensive Income/Loss Attributable To Parent,300,12673000000.0,USD,Comprehensive Income/Loss,100,144000000.0,USD,Other Comprehensive Income/Loss Attributable To Parent,600,0,USD,Comprehensive Income/Loss Attributable To Noncontrolling Interest,200,5531000000.0,USD,"Net Cash Flow From Investing Activities, Continuing",500,4750000000.0,USD,"Net Cash Flow, Continuing",1200,-21357000000.0,USD,Net Cash Flow From Financing Activities,700,20576000000.0,USD,"Net Cash Flow From Operating Activities, Continuing",200,-21357000000.0,USD,"Net Cash Flow From Financing Activities, Continuing",800,5531000000.0,USD,Net Cash Flow From Investing Activities,400,4750000000.0,USD,Net Cash Flow,1100,20576000000.0,USD,Net Cash Flow From Operating Activities,100,24689000000.0,USD,Gross Profit,800,12673000000.0,USD,Net Income/Loss,3200,0.73,USD / shares,Diluted Earnings Per Share,4300,64698000000.0,USD,Revenues,100,0.0,USD,Costs And Expenses,600,13123519000.0,shares,Diluted Average Shares,4500,0,USD,Preferred Stock Dividends And Other Adjustments,3900,0,USD,"Participating Securities, Distributed And Undistributed Earnings/Loss, Basic",3800,0.74,USD / shares,Basic Earnings Per Share,4200,12673000000.0,USD,Net Income/Loss Attributable To Parent,3500,4936000000.0,USD,"Selling, General, and Administrative Expenses",1010,0.0,USD,Benefits Costs and Expenses,200,12673000000.0,USD,Income/Loss From Continuing Operations After Tax,1400,64698000000.0,USD,Income/Loss From Continuing Operations Before Tax,1500,40009000000.0,USD,Cost Of Revenue,300,12989548000.0,shares,Basic Average Shares,4400,0,USD,Net Income/Loss Attributable To Noncontrolling Interest,3300,14775000000.0,USD,Operating Income/Loss,1100,4978000000.0,USD,Research and Development,1030,126000000.0,USD,Nonoperating Income/Loss,900,2228000000.0,USD,Income Tax Expense/Benefit,2200,9914000000.0,USD,Operating Expenses,1000,12673000000.0,USD,"Net Income/Loss Available To Common Stockholders, Basic",3700,,quarterly,Q4,2020,0000320193,3571,['AAPL'],Apple Inc.,,,634000000.0,USD,"Interest Expense, Operating",2700.0,-397000000.0,USD,"Income Tax Expense/Benefit, Deferred",2400.0
AAPL,Q1 2021,,2021-01-28,2020-09-27,2020-12-26,162015000000.0,USD,Other Non-current Assets,350,37933000000.0,USD,Fixed Assets,320,4973000000.0,USD,Inventory,230,354054000000.0,USD,Liabilities And Equity,1900,154106000000.0,USD,Current Assets,200,63846000000.0,USD,Accounts Payable,710,199948000000.0,USD,Noncurrent Assets,300,,,,,68661000000.0,USD,Other Current Liabilities,740,155323000000.0,USD,Noncurrent Liabilities,800,66224000000.0,USD,Equity,1400,287830000000.0,USD,Liabilities,600,149133000000.0,USD,Other Current Assets,250,0,USD,Equity Attributable To Noncontrolling Interest,1500,354054000000.0,USD,Assets,100,132507000000.0,USD,Current Liabilities,700,,,,,66224000000.0,USD,Equity Attributable To Parent,1600,29340000000.0,USD,Other Comprehensive Income/Loss,400,29340000000.0,USD,Comprehensive Income/Loss Attributable To Parent,300,29340000000.0,USD,Comprehensive Income/Loss,100,585000000.0,USD,Other Comprehensive Income/Loss Attributable To Parent,600,0,USD,Comprehensive Income/Loss Attributable To Noncontrolling Interest,200,-8584000000.0,USD,"Net Cash Flow From Investing Activities, Continuing",500,-2070000000.0,USD,"Net Cash Flow, Continuing",1200,-32249000000.0,USD,Net Cash Flow From Financing Activities,700,38763000000.0,USD,"Net Cash Flow From Operating Activities, Continuing",200,-32249000000.0,USD,"Net Cash Flow From Financing Activities, Continuing",800,-8584000000.0,USD,Net Cash Flow From Investing Activities,400,-2070000000.0,USD,Net Cash Flow,1100,38763000000.0,USD,Net Cash Flow From Operating Activities,100,44328000000.0,USD,Gross Profit,800,28755000000.0,USD,Net Income/Loss,3200,1.68,USD / shares,Diluted Earnings Per Share,4300,111439000000.0,USD,Revenues,100,77860000000.0,USD,Costs And Expenses,600,17113688000.0,shares,Diluted Average Shares,4500,0,USD,Preferred Stock Dividends And Other Adjustments,3900,0,USD,"Participating Securities, Distributed And Undistributed Earnings/Loss, Basic",3800,1.7,USD / shares,Basic Earnings Per Share,4200,28755000000.0,USD,Net Income/Loss Attributable To Parent,3500,5631000000.0,USD,"Selling, General, and Administrative Expenses",1010,77860000000.0,USD,Benefits Costs and Expenses,200,28755000000.0,USD,Income/Loss From Continuing Operations After Tax,1400,33579000000.0,USD,Income/Loss From Continuing Operations Before Tax,1500,67111000000.0,USD,Cost Of Revenue,300,16935119000.0,shares,Basic Average Shares,4400,0,USD,Net Income/Loss Attributable To Noncontrolling Interest,3300,33534000000.0,USD,Operating Income/Loss,1100,5163000000.0,USD,Research and Development,1030,45000000.0,USD,Nonoperating Income/Loss,900,4824000000.0,USD,Income Tax Expense/Benefit,2200,10794000000.0,USD,Operating Expenses,1000,28755000000.0,USD,"Net Income/Loss Available To Common Stockholders, Basic",3700,,quarterly,Q1,2021,0000320193,3571,['AAPL'],Apple Inc.,https://api.polygon.io/v1/reference/sec/filings/0000320193-21-000010,http://api.polygon.io/v1/reference/sec/filings/0000320193-21-000010/files/aapl-20201226_htm.xml,638000000.0,USD,"Interest Expense, Operating",2700.0,-58000000.0,USD,"Income Tax Expense/Benefit, Deferred",2400.0
AAPL,Q2 2021,,2021-04-29,2020-12-27,2021-03-27,177878000000.0,USD,Other Non-current Assets,350,37815000000.0,USD,Fixed Assets,320,5219000000.0,USD,Inventory,230,337158000000.0,USD,Liabilities And Equity,1900,121465000000.0,USD,Current Assets,200,40127000000.0,USD,Accounts Payable,710,215693000000.0,USD,Noncurrent Assets,300,,,,,66258000000.0,USD,Other Current Liabilities,740,161595000000.0,USD,Noncurrent Liabilities,800,69178000000.0,USD,Equity,1400,267980000000.0,USD,Liabilities,600,116246000000.0,USD,Other Current Assets,250,0,USD,Equity Attributable To Noncontrolling Interest,1500,337158000000.0,USD,Assets,100,106385000000.0,USD,Current Liabilities,700,,,,,69178000000.0,USD,Equity Attributable To Parent,1600,23165000000.0,USD,Other Comprehensive Income/Loss,400,23165000000.0,USD,Comprehensive Income/Loss Attributable To Parent,300,23165000000.0,USD,Comprehensive Income/Loss,100,-465000000.0,USD,Other Comprehensive Income/Loss Attributable To Parent,600,0,USD,Comprehensive Income/Loss Attributable To Noncontrolling Interest,200,-10368000000.0,USD,"Net Cash Flow From Investing Activities, Continuing",500,2287000000.0,USD,"Net Cash Flow, Continuing",1200,-11326000000.0,USD,Net Cash Flow From Financing Activities,700,23981000000.0,USD,"Net Cash Flow From Operating Activities, Continuing",200,-11326000000.0,USD,"Net Cash Flow From Financing Activities, Continuing",800,-10368000000.0,USD,Net Cash Flow From Investing Activities,400,2287000000.0,USD,Net Cash Flow,1100,23981000000.0,USD,Net Cash Flow From Operating Activities,100,38079000000.0,USD,Gross Profit,800,23630000000.0,USD,Net Income/Loss,3200,1.4,USD / shares,Diluted Earnings Per Share,4300,89584000000.0,USD,Revenues,100,61573000000.0,USD,Costs And Expenses,600,16929157000.0,shares,Diluted Average Shares,4500,0,USD,Preferred Stock Dividends And Other Adjustments,3900,0,USD,"Participating Securities, Distributed And Undistributed Earnings/Loss, Basic",3800,1.41,USD / shares,Basic Earnings Per Share,4200,23630000000.0,USD,Net Income/Loss Attributable To Parent,3500,5314000000.0,USD,"Selling, General, and Administrative Expenses",1010,61573000000.0,USD,Benefits Costs and Expenses,200,23630000000.0,USD,Income/Loss From Continuing Operations After Tax,1400,28011000000.0,USD,Income/Loss From Continuing Operations Before Tax,1500,51505000000.0,USD,Cost Of Revenue,300,16753476000.0,shares,Basic Average Shares,4400,0,USD,Net Income/Loss Attributable To Noncontrolling Interest,3300,27503000000.0,USD,Operating Income/Loss,1100,5262000000.0,USD,Research and Development,1030,508000000.0,USD,Nonoperating Income/Loss,900,4381000000.0,USD,Income Tax Expense/Benefit,2200,10576000000.0,USD,Operating Expenses,1000,23630000000.0,USD,"Net Income/Loss Available To Common Stockholders, Basic",3700,,quarterly,Q2,2021,0000320193,3571,['AAPL'],Apple Inc.,https://api.polygon.io/v1/reference/sec/filings/0000320193-21-000056,http://api.polygon.io/v1/reference/sec/filings/0000320193-21-000056/files/aapl-20210327_htm.xml,670000000.0,USD,"Interest Expense, Operating",2700.0,-149000000.0,USD,"Income Tax Expense/Benefit, Deferred",2400.0
AAPL,Q3 2021,,2021-07-28,2021-03-28,2021-06-26,176802000000.0,USD,Other Non-current Assets,350,38615000000.0,USD,Fixed Assets,320,5178000000.0,USD,Inventory,230,329840000000.0,USD,Liabilities And Equity,1900,114423000000.0,USD,Current Assets,200,40409000000.0,USD,Accounts Payable,710,215417000000.0,USD,Noncurrent Assets,300,,,,,67345000000.0,USD,Other Current Liabilities,740,157806000000.0,USD,Noncurrent Liabilities,800,64280000000.0,USD,Equity,1400,265560000000.0,USD,Liabilities,600,109245000000.0,USD,Other Current Assets,250,0,USD,Equity Attributable To Noncontrolling Interest,1500,329840000000.0,USD,Assets,100,107754000000.0,USD,Current Liabilities,700,,,,,64280000000.0,USD,Equity Attributable To Parent,1600,22088000000.0,USD,Other Comprehensive Income/Loss,400,22088000000.0,USD,Comprehensive Income/Loss Attributable To Parent,300,22088000000.0,USD,Comprehensive Income/Loss,100,344000000.0,USD,Other Comprehensive Income/Loss Attributable To Parent,600,0,USD,Comprehensive Income/Loss Attributable To Noncontrolling Interest,200,3572000000.0,USD,"Net Cash Flow From Investing Activities, Continuing",500,-4730000000.0,USD,"Net Cash Flow, Continuing",1200,-29396000000.0,USD,Net Cash Flow From Financing Activities,700,21094000000.0,USD,"Net Cash Flow From Operating Activities, Continuing",200,-29396000000.0,USD,"Net Cash Flow From Financing Activities, Continuing",800,3572000000.0,USD,Net Cash Flow From Investing Activities,400,-4730000000.0,USD,Net Cash Flow,1100,21094000000.0,USD,Net Cash Flow From Operating Activities,100,35255000000.0,USD,Gross Profit,800,21744000000.0,USD,Net Income/Loss,3200,1.3,USD / shares,Diluted Earnings Per Share,4300,81434000000.0,USD,Revenues,100,57065000000.0,USD,Costs And Expenses,600,16781735000.0,shares,Diluted Average Shares,4500,0,USD,Preferred Stock Dividends And Other Adjustments,3900,0,USD,"Participating Securities, Distributed And Undistributed Earnings/Loss, Basic",3800,1.31,USD / shares,Basic Earnings Per Share,4200,21744000000.0,USD,Net Income/Loss Attributable To Parent,3500,5412000000.0,USD,"Selling, General, and Administrative Expenses",1010,57065000000.0,USD,Benefits Costs and Expenses,200,21744000000.0,USD,Income/Loss From Continuing Operations After Tax,1400,24369000000.0,USD,Income/Loss From Continuing Operations Before Tax,1500,46179000000.0,USD,Cost Of Revenue,300,16629371000.0,shares,Basic Average Shares,4400,0,USD,Net Income/Loss Attributable To Noncontrolling Interest,3300,24126000000.0,USD,Operating Income/Loss,1100,5717000000.0,USD,Research and Development,1030,243000000.0,USD,Nonoperating Income/Loss,900,2625000000.0,USD,Income Tax Expense/Benefit,2200,11129000000.0,USD,Operating Expenses,1000,21744000000.0,USD,"Net Income/Loss Available To Common Stockholders, Basic",3700,,quarterly,Q3,2021,0000320193,3571,['AAPL'],Apple Inc.,https://api.polygon.io/v1/reference/sec/filings/0000320193-21-000065,http://api.polygon.io/v1/reference/sec/filings/0000320193-21-000065/files/aapl-20210626_htm.xml,665000000.0,USD,"Interest Expense, Operating",2700.0,-530000000.0,USD,"Income Tax Expense/Benefit, Deferred",2400.0
AAPL,Q4 2021,,,2021-06-27,2021-09-25,176726000000.0,USD,Other Non-current Assets,350,39440000000.0,USD,Fixed Assets,320,6580000000.0,USD,Inventory,230,351002000000.0,USD,Liabilities And Equity,1900,134836000000.0,USD,Current Assets,200,54763000000.0,USD,Accounts Payable,710,216166000000.0,USD,Noncurrent Assets,300,,,,,70718000000.0,USD,Other Current Liabilities,740,162431000000.0,USD,Noncurrent Liabilities,800,63090000000.0,USD,Equity,1400,287912000000.0,USD,Liabilities,600,128256000000.0,USD,Other Current Assets,250,0,USD,Equity Attributable To Noncontrolling Interest,1500,351002000000.0,USD,Assets,100,125481000000.0,USD,Current Liabilities,700,,,,,63090000000.0,USD,Equity Attributable To Parent,1600,20656000000.0,USD,Other Comprehensive Income/Loss,400,20656000000.0,USD,Comprehensive Income/Loss Attributable To Parent,300,20656000000.0,USD,Comprehensive Income/Loss,100,105000000.0,USD,Other Comprehensive Income/Loss Attributable To Parent,600,0,USD,Comprehensive Income/Loss Attributable To Noncontrolling Interest,200,835000000.0,USD,"Net Cash Flow From Investing Activities, Continuing",500,653000000.0,USD,"Net Cash Flow, Continuing",1200,-20382000000.0,USD,Net Cash Flow From Financing Activities,700,20200000000.0,USD,"Net Cash Flow From Operating Activities, Continuing",200,-20382000000.0,USD,"Net Cash Flow From Financing Activities, Continuing",800,835000000.0,USD,Net Cash Flow From Investing Activities,400,653000000.0,USD,Net Cash Flow,1100,20200000000.0,USD,Net Cash Flow From Operating Activities,100,35174000000.0,USD,Gross Profit,800,20551000000.0,USD,Net Income/Loss,3200,1.2300000000000004,USD / shares,Diluted Earnings Per Share,4300,83360000000.0,USD,Revenues,100,60112000000.0,USD,Costs And Expenses,600,-76608000.0,shares,Diluted Average Shares,4500,0,USD,Preferred Stock Dividends And Other Adjustments,3900,0,USD,"Participating Securities, Distributed And Undistributed Earnings/Loss, Basic",3800,1.25,USD / shares,Basic Earnings Per Share,4200,20551000000.0,USD,Net Income/Loss Attributable To Parent,3500,5616000000.0,USD,"Selling, General, and Administrative Expenses",1010,60112000000.0,USD,Benefits Costs and Expenses,200,20551000000.0,USD,Income/Loss From Continuing Operations After Tax,1400,23248000000.0,USD,Income/Loss From Continuing Operations Before Tax,1500,48186000000.0,USD,Cost Of Revenue,300,-71384000.0,shares,Basic Average Shares,4400,0,USD,Net Income/Loss Attributable To Noncontrolling Interest,3300,23786000000.0,USD,Operating Income/Loss,1100,5772000000.0,USD,Research and Development,1030,-538000000.0,USD,Nonoperating Income/Loss,900,2697000000.0,USD,Income Tax Expense/Benefit,2200,11388000000.0,USD,Operating Expenses,1000,20551000000.0,USD,"Net Income/Loss Available To Common Stockholders, Basic",3700,,quarterly,Q4,2021,0000320193,3571,['AAPL'],Apple Inc.,,,672000000.0,USD,"Interest Expense, Operating",2700.0,-4037000000.0,USD,"Income Tax Expense/Benefit, Deferred",2400.0
AAPL,Q1 2022,,2022-01-28,2021-09-26,2021-12-25,188792000000.0,USD,Other Non-current Assets,350,39245000000.0,USD,Fixed Assets,320,5876000000.0,USD,Inventory,230,381191000000.0,USD,Liabilities And Equity,1900,153154000000.0,USD,Current Assets,200,74362000000.0,USD,Accounts Payable,710,228037000000.0,USD,Noncurrent Assets,300,43885000000.0,USD,Other Non-current Liabilities,820.0,73212000000.0,USD,Other Current Liabilities,740,161685000000.0,USD,Noncurrent Liabilities,800,71932000000.0,USD,Equity,1400,309259000000.0,USD,Liabilities,600,147278000000.0,USD,Other Current Assets,250,0,USD,Equity Attributable To Noncontrolling Interest,1500,381191000000.0,USD,Assets,100,147574000000.0,USD,Current Liabilities,700,117800000000.0,USD,Long-term Debt,810.0,71932000000.0,USD,Equity Attributable To Parent,1600,33540000000.0,USD,Other Comprehensive Income/Loss,400,33540000000.0,USD,Comprehensive Income/Loss Attributable To Parent,300,33540000000.0,USD,Comprehensive Income/Loss,100,-1090000000.0,USD,Other Comprehensive Income/Loss Attributable To Parent,600,0,USD,Comprehensive Income/Loss Attributable To Noncontrolling Interest,200,-16106000000.0,USD,"Net Cash Flow From Investing Activities, Continuing",500,2701000000.0,USD,"Net Cash Flow, Continuing",1200,-28159000000.0,USD,Net Cash Flow From Financing Activities,700,46966000000.0,USD,"Net Cash Flow From Operating Activities, Continuing",200,-28159000000.0,USD,"Net Cash Flow From Financing Activities, Continuing",800,-16106000000.0,USD,Net Cash Flow From Investing Activities,400,2701000000.0,USD,Net Cash Flow,1100,46966000000.0,USD,Net Cash Flow From Operating Activities,100,54243000000.0,USD,Gross Profit,800,34630000000.0,USD,Net Income/Loss,3200,2.1,USD / shares,Diluted Earnings Per Share,4300,123945000000.0,USD,Revenues,100,82704000000.0,USD,Costs And Expenses,600,16519291000.0,shares,Diluted Average Shares,4500,0,USD,Preferred Stock Dividends And Other Adjustments,3900,0,USD,"Participating Securities, Distributed And Undistributed Earnings/Loss, Basic",3800,2.11,USD / shares,Basic Earnings Per Share,4200,34630000000.0,USD,Net Income/Loss Attributable To Parent,3500,6449000000.0,USD,"Selling, General, and Administrative Expenses",1010,82704000000.0,USD,Benefits Costs and Expenses,200,34630000000.0,USD,Income/Loss From Continuing Operations After Tax,1400,41241000000.0,USD,Income/Loss From Continuing Operations Before Tax,1500,69702000000.0,USD,Cost Of Revenue,300,16391724000.0,shares,Basic Average Shares,4400,0,USD,Net Income/Loss Attributable To Noncontrolling Interest,3300,41488000000.0,USD,Operating Income/Loss,1100,6306000000.0,USD,Research and Development,1030,-247000000.0,USD,Nonoperating Income/Loss,900,6611000000.0,USD,Income Tax Expense/Benefit,2200,12755000000.0,USD,Operating Expenses,1000,34630000000.0,USD,"Net Income/Loss Available To Common Stockholders, Basic",3700,,quarterly,Q1,2022,0000320193,3571,['AAPL'],Apple Inc.,https://api.polygon.io/v1/reference/sec/filings/0000320193-22-000007,http://api.polygon.io/v1/reference/sec/filings/0000320193-22-000007/files/aapl-20211225_htm.xml,694000000.0,USD,"Interest Expense, Operating",2700.0,682000000.0,USD,"Income Tax Expense/Benefit, Deferred",2400.0
AAPL,Q2 2022,,2022-04-29,2021-12-26,2022-03-26,193178000000.0,USD,Other Non-current Assets,350,39304000000.0,USD,Fixed Assets,320,5460000000.0,USD,Inventory,230,350662000000.0,USD,Liabilities And Equity,1900,118180000000.0,USD,Current Assets,200,52682000000.0,USD,Accounts Payable,710,232482000000.0,USD,Noncurrent Assets,300,42755000000.0,USD,Other Non-current Liabilities,820.0,74826000000.0,USD,Other Current Liabilities,740,155755000000.0,USD,Noncurrent Liabilities,800,67399000000.0,USD,Equity,1400,283263000000.0,USD,Liabilities,600,112720000000.0,USD,Other Current Assets,250,0,USD,Equity Attributable To Noncontrolling Interest,1500,350662000000.0,USD,Assets,100,127508000000.0,USD,Current Liabilities,700,113000000000.0,USD,Long-term Debt,810.0,67399000000.0,USD,Equity Attributable To Parent,1600,19443000000.0,USD,Other Comprehensive Income/Loss,400,19443000000.0,USD,Comprehensive Income/Loss Attributable To Parent,300,19443000000.0,USD,Comprehensive Income/Loss,100,-5567000000.0,USD,Other Comprehensive Income/Loss Attributable To Parent,600,0,USD,Comprehensive Income/Loss Attributable To Noncontrolling Interest,200,-9265000000.0,USD,"Net Cash Flow From Investing Activities, Continuing",500,-9450000000.0,USD,"Net Cash Flow, Continuing",1200,-28351000000.0,USD,Net Cash Flow From Financing Activities,700,28166000000.0,USD,"Net Cash Flow From Operating Activities, Continuing",200,-28351000000.0,USD,"Net Cash Flow From Financing Activities, Continuing",800,-9265000000.0,USD,Net Cash Flow From Investing Activities,400,-9450000000.0,USD,Net Cash Flow,1100,28166000000.0,USD,Net Cash Flow From Operating Activities,100,42559000000.0,USD,Gross Profit,800,25010000000.0,USD,Net Income/Loss,3200,1.52,USD / shares,Diluted Earnings Per Share,4300,97278000000.0,USD,Revenues,100,67139000000.0,USD,Costs And Expenses,600,16403316000.0,shares,Diluted Average Shares,4500,0,USD,Preferred Stock Dividends And Other Adjustments,3900,0,USD,"Participating Securities, Distributed And Undistributed Earnings/Loss, Basic",3800,1.54,USD / shares,Basic Earnings Per Share,4200,25010000000.0,USD,Net Income/Loss Attributable To Parent,3500,6193000000.0,USD,"Selling, General, and Administrative Expenses",1010,67139000000.0,USD,Benefits Costs and Expenses,200,25010000000.0,USD,Income/Loss From Continuing Operations After Tax,1400,30139000000.0,USD,Income/Loss From Continuing Operations Before Tax,1500,54719000000.0,USD,Cost Of Revenue,300,16278802000.0,shares,Basic Average Shares,4400,0,USD,Net Income/Loss Attributable To Noncontrolling Interest,3300,29979000000.0,USD,Operating Income/Loss,1100,6387000000.0,USD,Research and Development,1030,160000000.0,USD,Nonoperating Income/Loss,900,5129000000.0,USD,Income Tax Expense/Benefit,2200,12580000000.0,USD,Operating Expenses,1000,25010000000.0,USD,"Net Income/Loss Available To Common Stockholders, Basic",3700,,quarterly,Q2,2022,0000320193,3571,['AAPL'],Apple Inc.,https://api.polygon.io/v1/reference/sec/filings/0000320193-22-000059,http://api.polygon.io/v1/reference/sec/filings/0000320193-22-000059/files/aapl-20220326_htm.xml,691000000.0,USD,"Interest Expense, Operating",2700.0,406000000.0,USD,"Income Tax Expense/Benefit, Deferred",2400.0
AAPL,Q3 2022,,2022-07-29,2022-03-27,2022-06-25,183682000000.0,USD,Other Non-current Assets,350,40335000000.0,USD,Fixed Assets,320,5433000000.0,USD,Inventory,230,336309000000.0,USD,Liabilities And Equity,1900,112292000000.0,USD,Current Assets,200,48343000000.0,USD,Accounts Payable,710,224017000000.0,USD,Noncurrent Assets,300,39629000000.0,USD,Other Non-current Liabilities,820.0,81530000000.0,USD,Other Current Liabilities,740,148329000000.0,USD,Noncurrent Liabilities,800,58107000000.0,USD,Equity,1400,278202000000.0,USD,Liabilities,600,106859000000.0,USD,Other Current Assets,250,0,USD,Equity Attributable To Noncontrolling Interest,1500,336309000000.0,USD,Assets,100,129873000000.0,USD,Current Liabilities,700,108700000000.0,USD,Long-term Debt,810.0,58107000000.0,USD,Equity Attributable To Parent,1600,16639000000.0,USD,Other Comprehensive Income/Loss,400,16639000000.0,USD,Comprehensive Income/Loss Attributable To Parent,300,16639000000.0,USD,Comprehensive Income/Loss,100,-2803000000.0,USD,Other Comprehensive Income/Loss Attributable To Parent,600,0,USD,Comprehensive Income/Loss Attributable To Noncontrolling Interest,200,4234000000.0,USD,"Net Cash Flow From Investing Activities, Continuing",500,-319000000.0,USD,"Net Cash Flow, Continuing",1200,-27445000000.0,USD,Net Cash Flow From Financing Activities,700,22892000000.0,USD,"Net Cash Flow From Operating Activities, Continuing",200,-27445000000.0,USD,"Net Cash Flow From Financing Activities, Continuing",800,4234000000.0,USD,Net Cash Flow From Investing Activities,400,-319000000.0,USD,Net Cash Flow,1100,22892000000.0,USD,Net Cash Flow From Operating Activities,100,35885000000.0,USD,Gross Profit,800,19442000000.0,USD,Net Income/Loss,3200,1.2,USD / shares,Diluted Earnings Per Share,4300,82959000000.0,USD,Revenues,100,59893000000.0,USD,Costs And Expenses,600,16262203000.0,shares,Diluted Average Shares,4500,0,USD,Preferred Stock Dividends And Other Adjustments,3900,0,USD,"Participating Securities, Distributed And Undistributed Earnings/Loss, Basic",3800,1.2,USD / shares,Basic Earnings Per Share,4200,19442000000.0,USD,Net Income/Loss Attributable To Parent,3500,6012000000.0,USD,"Selling, General, and Administrative Expenses",1010,59893000000.0,USD,Benefits Costs and Expenses,200,19442000000.0,USD,Income/Loss From Continuing Operations After Tax,1400,23066000000.0,USD,Income/Loss From Continuing Operations Before Tax,1500,47074000000.0,USD,Cost Of Revenue,300,16162945000.0,shares,Basic Average Shares,4400,0,USD,Net Income/Loss Attributable To Noncontrolling Interest,3300,23076000000.0,USD,Operating Income/Loss,1100,6797000000.0,USD,Research and Development,1030,-10000000.0,USD,Nonoperating Income/Loss,900,3624000000.0,USD,Income Tax Expense/Benefit,2200,12809000000.0,USD,Operating Expenses,1000,19442000000.0,USD,"Net Income/Loss Available To Common Stockholders, Basic",3700,,quarterly,Q3,2022,0000320193,3571,['AAPL'],Apple Inc.,https://api.polygon.io/v1/reference/sec/filings/0000320193-22-000070,http://api.polygon.io/v1/reference/sec/filings/0000320193-22-000070/files/aapl-20220625_htm.xml,719000000.0,USD,"Interest Expense, Operating",2700.0,1668000000.0,USD,"Income Tax Expense/Benefit, Deferred",2400.0
AAPL,Q4 2022,,,2022-06-26,2022-09-24,175233000000.0,USD,Other Non-current Assets,350,42117000000.0,USD,Fixed Assets,320,4946000000.0,USD,Inventory,230,352755000000.0,USD,Liabilities And Equity,1900,135405000000.0,USD,Current Assets,200,64115000000.0,USD,Accounts Payable,710,217350000000.0,USD,Noncurrent Assets,300,,,,,89867000000.0,USD,Other Current Liabilities,740,148101000000.0,USD,Noncurrent Liabilities,800,50672000000.0,USD,Equity,1400,302083000000.0,USD,Liabilities,600,130459000000.0,USD,Other Current Assets,250,0,USD,Equity Attributable To Noncontrolling Interest,1500,352755000000.0,USD,Assets,100,153982000000.0,USD,Current Liabilities,700,,,,,50672000000.0,USD,Equity Attributable To Parent,1600,18909000000.0,USD,Other Comprehensive Income/Loss,400,18909000000.0,USD,Comprehensive Income/Loss Attributable To Parent,300,18909000000.0,USD,Comprehensive Income/Loss,100,-1812000000.0,USD,Other Comprehensive Income/Loss Attributable To Parent,600,0,USD,Comprehensive Income/Loss Attributable To Noncontrolling Interest,200,-1217000000.0,USD,"Net Cash Flow From Investing Activities, Continuing",500,-3884000000.0,USD,"Net Cash Flow, Continuing",1200,-26794000000.0,USD,Net Cash Flow From Financing Activities,700,24127000000.0,USD,"Net Cash Flow From Operating Activities, Continuing",200,-26794000000.0,USD,"Net Cash Flow From Financing Activities, Continuing",800,-1217000000.0,USD,Net Cash Flow From Investing Activities,400,-3884000000.0,USD,Net Cash Flow,1100,24127000000.0,USD,Net Cash Flow From Operating Activities,100,38095000000.0,USD,Gross Profit,800,20721000000.0,USD,Net Income/Loss,3200,1.29,USD / shares,Diluted Earnings Per Share,4300,90146000000.0,USD,Revenues,100,65489000000.0,USD,Costs And Expenses,600,-69118000.0,shares,Diluted Average Shares,4500,0,USD,Preferred Stock Dividends And Other Adjustments,3900,0,USD,"Participating Securities, Distributed And Undistributed Earnings/Loss, Basic",3800,1.29,USD / shares,Basic Earnings Per Share,4200,20721000000.0,USD,Net Income/Loss Attributable To Parent,3500,6440000000.0,USD,"Selling, General, and Administrative Expenses",1010,65489000000.0,USD,Benefits Costs and Expenses,200,20721000000.0,USD,Income/Loss From Continuing Operations After Tax,1400,24657000000.0,USD,Income/Loss From Continuing Operations Before Tax,1500,52051000000.0,USD,Cost Of Revenue,300,-61861000.0,shares,Basic Average Shares,4400,0,USD,Net Income/Loss Attributable To Noncontrolling Interest,3300,24894000000.0,USD,Operating Income/Loss,1100,6761000000.0,USD,Research and Development,1030,-237000000.0,USD,Nonoperating Income/Loss,900,3936000000.0,USD,Income Tax Expense/Benefit,2200,13201000000.0,USD,Operating Expenses,1000,20721000000.0,USD,"Net Income/Loss Available To Common Stockholders, Basic",3700,,quarterly,Q4,2022,0000320193,3571,['AAPL'],Apple Inc.,,,827000000.0,USD,"Interest Expense, Operating",2700.0,-1861000000.0,USD,"Income Tax Expense/Benefit, Deferred",2400.0
AAPL,Q1 2023,,2023-02-03,2022-09-25,2022-12-31,175019000000.0,USD,Other Non-current Assets,350,42951000000.0,USD,Fixed Assets,320,6820000000.0,USD,Inventory,230,346747000000.0,USD,Liabilities And Equity,1900,128777000000.0,USD,Current Assets,200,57918000000.0,USD,Accounts Payable,710,217970000000.0,USD,Noncurrent Assets,300,43334000000.0,USD,Other Non-current Liabilities,820.0,79368000000.0,USD,Other Current Liabilities,740,152734000000.0,USD,Noncurrent Liabilities,800,56727000000.0,USD,Equity,1400,290020000000.0,USD,Liabilities,600,121957000000.0,USD,Other Current Assets,250,0,USD,Equity Attributable To Noncontrolling Interest,1500,346747000000.0,USD,Assets,100,137286000000.0,USD,Current Liabilities,700,109400000000.0,USD,Long-term Debt,810.0,56727000000.0,USD,Equity Attributable To Parent,1600,28195000000.0,USD,Other Comprehensive Income/Loss,400,28195000000.0,USD,Comprehensive Income/Loss Attributable To Parent,300,28195000000.0,USD,Comprehensive Income/Loss,100,-1803000000.0,USD,Other Comprehensive Income/Loss Attributable To Parent,600,0,USD,Comprehensive Income/Loss Attributable To Noncontrolling Interest,200,-1445000000.0,USD,"Net Cash Flow From Investing Activities, Continuing",500,-3003000000.0,USD,"Net Cash Flow, Continuing",1200,-35563000000.0,USD,Net Cash Flow From Financing Activities,700,34005000000.0,USD,"Net Cash Flow From Operating Activities, Continuing",200,-35563000000.0,USD,"Net Cash Flow From Financing Activities, Continuing",800,-1445000000.0,USD,Net Cash Flow From Investing Activities,400,-3003000000.0,USD,Net Cash Flow,1100,34005000000.0,USD,Net Cash Flow From Operating Activities,100,50332000000.0,USD,Gross Profit,800,29998000000.0,USD,Net Income/Loss,3200,1.88,USD / shares,Diluted Earnings Per Share,4300,117154000000.0,USD,Revenues,100,81531000000.0,USD,Costs And Expenses,600,15955718000.0,shares,Diluted Average Shares,4500,0,USD,Preferred Stock Dividends And Other Adjustments,3900,0,USD,"Participating Securities, Distributed And Undistributed Earnings/Loss, Basic",3800,1.89,USD / shares,Basic Earnings Per Share,4200,29998000000.0,USD,Net Income/Loss Attributable To Parent,3500,6607000000.0,USD,"Selling, General, and Administrative Expenses",1010,81531000000.0,USD,Benefits Costs and Expenses,200,29998000000.0,USD,Income/Loss From Continuing Operations After Tax,1400,35623000000.0,USD,Income/Loss From Continuing Operations Before Tax,1500,66822000000.0,USD,Cost Of Revenue,300,15892723000.0,shares,Basic Average Shares,4400,0,USD,Net Income/Loss Attributable To Noncontrolling Interest,3300,36016000000.0,USD,Operating Income/Loss,1100,7709000000.0,USD,Research and Development,1030,-393000000.0,USD,Nonoperating Income/Loss,900,5625000000.0,USD,Income Tax Expense/Benefit,2200,14316000000.0,USD,Operating Expenses,1000,29998000000.0,USD,"Net Income/Loss Available To Common Stockholders, Basic",3700,,quarterly,Q1,2023,0000320193,3571,['AAPL'],Apple Inc.,https://api.polygon.io/v1/reference/sec/filings/0000320193-23-000006,http://api.polygon.io/v1/reference/sec/filings/0000320193-23-000006/files/aapl-20221231_htm.xml,1003000000.0,USD,"Interest Expense, Operating",2700.0,,,,
AAPL,Q2 2023,,2023-05-05,2023-01-01,2023-04-01,175849000000.0,USD,Other Non-current Assets,350,43398000000.0,USD,Fixed Assets,320,7482000000.0,USD,Inventory,230,332160000000.0,USD,Liabilities And Equity,1900,112913000000.0,USD,Current Assets,200,42945000000.0,USD,Accounts Payable,710,219247000000.0,USD,Noncurrent Assets,300,42327000000.0,USD,Other Non-current Liabilities,820.0,77130000000.0,USD,Other Current Liabilities,740,149927000000.0,USD,Noncurrent Liabilities,800,62158000000.0,USD,Equity,1400,270002000000.0,USD,Liabilities,600,105431000000.0,USD,Other Current Assets,250,0,USD,Equity Attributable To Noncontrolling Interest,1500,332160000000.0,USD,Assets,100,120075000000.0,USD,Current Liabilities,700,107600000000.0,USD,Long-term Debt,810.0,62158000000.0,USD,Equity Attributable To Parent,1600,25326000000.0,USD,Other Comprehensive Income/Loss,400,25326000000.0,USD,Comprehensive Income/Loss Attributable To Parent,300,25326000000.0,USD,Comprehensive Income/Loss,100,1166000000.0,USD,Other Comprehensive Income/Loss Attributable To Parent,600,0,USD,Comprehensive Income/Loss Attributable To Noncontrolling Interest,200,2319000000.0,USD,"Net Cash Flow From Investing Activities, Continuing",500,5155000000.0,USD,"Net Cash Flow, Continuing",1200,-25724000000.0,USD,Net Cash Flow From Financing Activities,700,28560000000.0,USD,"Net Cash Flow From Operating Activities, Continuing",200,-25724000000.0,USD,"Net Cash Flow From Financing Activities, Continuing",800,2319000000.0,USD,Net Cash Flow From Investing Activities,400,5155000000.0,USD,Net Cash Flow,1100,28560000000.0,USD,Net Cash Flow From Operating Activities,100,41976000000.0,USD,Gross Profit,800,24160000000.0,USD,Net Income/Loss,3200,1.52,USD / shares,Diluted Earnings Per Share,4300,94836000000.0,USD,Revenues,100,66454000000.0,USD,Costs And Expenses,600,15847050000.0,shares,Diluted Average Shares,4500,0,USD,Preferred Stock Dividends And Other Adjustments,3900,0,USD,"Participating Securities, Distributed And Undistributed Earnings/Loss, Basic",3800,1.53,USD / shares,Basic Earnings Per Share,4200,24160000000.0,USD,Net Income/Loss Attributable To Parent,3500,6201000000.0,USD,"Selling, General, and Administrative Expenses",1010,66454000000.0,USD,Benefits Costs and Expenses,200,24160000000.0,USD,Income/Loss From Continuing Operations After Tax,1400,28382000000.0,USD,Income/Loss From Continuing Operations Before Tax,1500,52860000000.0,USD,Cost Of Revenue,300,15787154000.0,shares,Basic Average Shares,4400,0,USD,Net Income/Loss Attributable To Noncontrolling Interest,3300,28318000000.0,USD,Operating Income/Loss,1100,7457000000.0,USD,Research and Development,1030,64000000.0,USD,Nonoperating Income/Loss,900,4222000000.0,USD,Income Tax Expense/Benefit,2200,13658000000.0,USD,Operating Expenses,1000,24160000000.0,USD,"Net Income/Loss Available To Common Stockholders, Basic",3700,2023-05-04T22:03:52Z,quarterly,Q2,2023,0000320193,3571,['AAPL'],Apple Inc.,https://api.polygon.io/v1/reference/sec/filings/0000320193-23-000064,http://api.polygon.io/v1/reference/sec/filings/0000320193-23-000064/files/aapl-20230401_htm.xml,930000000.0,USD,"Interest Expense, Operating",2700.0,,,,
AAPL,Q3 2023,,2023-08-04,2023-04-02,2023-07-01,168829000000.0,USD,Other Non-current Assets,350,43550000000.0,USD,Fixed Assets,320,7351000000.0,USD,Inventory,230,335038000000.0,USD,Liabilities And Equity,1900,122659000000.0,USD,Current Assets,200,46699000000.0,USD,Accounts Payable,710,212379000000.0,USD,Noncurrent Assets,300,44501000000.0,USD,Other Non-current Liabilities,820.0,78264000000.0,USD,Other Current Liabilities,740,149801000000.0,USD,Noncurrent Liabilities,800,60274000000.0,USD,Equity,1400,274764000000.0,USD,Liabilities,600,115308000000.0,USD,Other Current Assets,250,0,USD,Equity Attributable To Noncontrolling Interest,1500,335038000000.0,USD,Assets,100,124963000000.0,USD,Current Liabilities,700,105300000000.0,USD,Long-term Debt,810.0,60274000000.0,USD,Equity Attributable To Parent,1600,19826000000.0,USD,Other Comprehensive Income/Loss,400,19826000000.0,USD,Comprehensive Income/Loss Attributable To Parent,300,19826000000.0,USD,Comprehensive Income/Loss,100,-55000000.0,USD,Other Comprehensive Income/Loss Attributable To Parent,600,0,USD,Comprehensive Income/Loss Attributable To Noncontrolling Interest,200,437000000.0,USD,"Net Cash Flow From Investing Activities, Continuing",500,2769000000.0,USD,"Net Cash Flow, Continuing",1200,-24048000000.0,USD,Net Cash Flow From Financing Activities,700,26380000000.0,USD,"Net Cash Flow From Operating Activities, Continuing",200,-24048000000.0,USD,"Net Cash Flow From Financing Activities, Continuing",800,437000000.0,USD,Net Cash Flow From Investing Activities,400,2769000000.0,USD,Net Cash Flow,1100,26380000000.0,USD,Net Cash Flow From Operating Activities,100,36413000000.0,USD,Gross Profit,800,19881000000.0,USD,Net Income/Loss,3200,1.26,USD / shares,Diluted Earnings Per Share,4300,81797000000.0,USD,Revenues,100,59064000000.0,USD,Costs And Expenses,600,15775021000.0,shares,Diluted Average Shares,4500,0,USD,Preferred Stock Dividends And Other Adjustments,3900,0,USD,"Participating Securities, Distributed And Undistributed Earnings/Loss, Basic",3800,1.27,USD / shares,Basic Earnings Per Share,4200,19881000000.0,USD,Net Income/Loss Attributable To Parent,3500,5973000000.0,USD,"Selling, General, and Administrative Expenses",1010,59064000000.0,USD,Benefits Costs and Expenses,200,19881000000.0,USD,Income/Loss From Continuing Operations After Tax,1400,22733000000.0,USD,Income/Loss From Continuing Operations Before Tax,1500,45384000000.0,USD,Cost Of Revenue,300,15697614000.0,shares,Basic Average Shares,4400,0,USD,Net Income/Loss Attributable To Noncontrolling Interest,3300,22998000000.0,USD,Operating Income/Loss,1100,7442000000.0,USD,Research and Development,1030,-265000000.0,USD,Nonoperating Income/Loss,900,2852000000.0,USD,Income Tax Expense/Benefit,2200,13415000000.0,USD,Operating Expenses,1000,19881000000.0,USD,"Net Income/Loss Available To Common Stockholders, Basic",3700,2023-08-03T22:04:43Z,quarterly,Q3,2023,0000320193,3571,['AAPL'],Apple Inc.,https://api.polygon.io/v1/reference/sec/filings/0000320193-23-000077,http://api.polygon.io/v1/reference/sec/filings/0000320193-23-000077/files/aapl-20230701_htm.xml,998000000.0,USD,"Interest Expense, Operating",2700.0,,,,
AAPL,Q4 2023,,,2023-07-02,2023-09-30,165302000000.0,USD,Other Non-current Assets,350,43715000000.0,USD,Fixed Assets,320,6331000000.0,USD,Inventory,230,352583000000.0,USD,Liabilities And Equity,1900,143566000000.0,USD,Current Assets,200,62611000000.0,USD,Accounts Payable,710,209017000000.0,USD,Noncurrent Assets,300,40026000000.0,USD,Other Non-current Liabilities,820.0,82697000000.0,USD,Other Current Liabilities,740,145129000000.0,USD,Noncurrent Liabilities,800,62146000000.0,USD,Equity,1400,290437000000.0,USD,Liabilities,600,137235000000.0,USD,Other Current Assets,250,0,USD,Equity Attributable To Noncontrolling Interest,1500,352583000000.0,USD,Assets,100,145308000000.0,USD,Current Liabilities,700,105103000000.0,USD,Long-term Debt,810.0,62146000000.0,USD,Equity Attributable To Parent,1600,23305000000.0,USD,Other Comprehensive Income/Loss,400,23305000000.0,USD,Comprehensive Income/Loss Attributable To Parent,300,23305000000.0,USD,Comprehensive Income/Loss,100,349000000.0,USD,Other Comprehensive Income/Loss Attributable To Parent,600,0,USD,Comprehensive Income/Loss Attributable To Noncontrolling Interest,200,2394000000.0,USD,"Net Cash Flow From Investing Activities, Continuing",500,839000000.0,USD,"Net Cash Flow, Continuing",1200,-23153000000.0,USD,Net Cash Flow From Financing Activities,700,21598000000.0,USD,"Net Cash Flow From Operating Activities, Continuing",200,-23153000000.0,USD,"Net Cash Flow From Financing Activities, Continuing",800,2394000000.0,USD,Net Cash Flow From Investing Activities,400,839000000.0,USD,Net Cash Flow,1100,21598000000.0,USD,Net Cash Flow From Operating Activities,100,40427000000.0,USD,Gross Profit,800,22956000000.0,USD,Net Income/Loss,3200,1.46,USD / shares,Diluted Earnings Per Share,4300,89498000000.0,USD,Revenues,100,62500000000.0,USD,Costs And Expenses,600,-46716000.0,shares,Diluted Average Shares,4500,0,USD,Preferred Stock Dividends And Other Adjustments,3900,0,USD,"Participating Securities, Distributed And Undistributed Earnings/Loss, Basic",3800,1.4699999999999998,USD / shares,Basic Earnings Per Share,4200,22956000000.0,USD,Net Income/Loss Attributable To Parent,3500,6151000000.0,USD,"Selling, General, and Administrative Expenses",1010,62500000000.0,USD,Benefits Costs and Expenses,200,22956000000.0,USD,Income/Loss From Continuing Operations After Tax,1400,26998000000.0,USD,Income/Loss From Continuing Operations Before Tax,1500,49071000000.0,USD,Cost Of Revenue,300,-48266000.0,shares,Basic Average Shares,4400,0,USD,Net Income/Loss Attributable To Noncontrolling Interest,3300,26969000000.0,USD,Operating Income/Loss,1100,7307000000.0,USD,Research and Development,1030,29000000.0,USD,Nonoperating Income/Loss,900,4042000000.0,USD,Income Tax Expense/Benefit,2200,13458000000.0,USD,Operating Expenses,1000,22956000000.0,USD,"Net Income/Loss Available To Common Stockholders, Basic",3700,,quarterly,Q4,2023,0000320193,3571,['AAPL'],Apple Inc.,,,1002000000.0,USD,"Interest Expense, Operating",2700.0,,,,
AAPL,Q1 2024,,2024-02-02,2023-10-01,2023-12-30,166156000000.0,USD,Other Non-current Assets,350,43666000000.0,USD,Fixed Assets,320,6511000000.0,USD,Inventory,230,353514000000.0,USD,Liabilities And Equity,1900,143692000000.0,USD,Current Assets,200,58146000000.0,USD,Accounts Payable,710,209822000000.0,USD,Noncurrent Assets,300,39441000000.0,USD,Other Non-current Liabilities,820.0,75827000000.0,USD,Other Current Liabilities,740,145441000000.0,USD,Noncurrent Liabilities,800,74100000000.0,USD,Equity,1400,279414000000.0,USD,Liabilities,600,137181000000.0,USD,Other Current Assets,250,0,USD,Equity Attributable To Noncontrolling Interest,1500,353514000000.0,USD,Assets,100,133973000000.0,USD,Current Liabilities,700,106000000000.0,USD,Long-term Debt,810.0,74100000000.0,USD,Equity Attributable To Parent,1600,35990000000.0,USD,Other Comprehensive Income/Loss,400,35990000000.0,USD,Comprehensive Income/Loss Attributable To Parent,300,35990000000.0,USD,Comprehensive Income/Loss,100,2074000000.0,USD,Other Comprehensive Income/Loss Attributable To Parent,600,0,USD,Comprehensive Income/Loss Attributable To Noncontrolling Interest,200,1927000000.0,USD,"Net Cash Flow From Investing Activities, Continuing",500,11237000000.0,USD,"Net Cash Flow, Continuing",1200,-30585000000.0,USD,Net Cash Flow From Financing Activities,700,39895000000.0,USD,"Net Cash Flow From Operating Activities, Continuing",200,-30585000000.0,USD,"Net Cash Flow From Financing Activities, Continuing",800,1927000000.0,USD,Net Cash Flow From Investing Activities,400,11237000000.0,USD,Net Cash Flow,1100,39895000000.0,USD,Net Cash Flow From Operating Activities,100,54855000000.0,USD,Gross Profit,800,33916000000.0,USD,Net Income/Loss,3200,2.18,USD / shares,Diluted Earnings Per Share,4300,119575000000.0,USD,Revenues,100,79252000000.0,USD,Costs And Expenses,600,15576641000.0,shares,Diluted Average Shares,4500,0,USD,Preferred Stock Dividends And Other Adjustments,3900,0,USD,"Participating Securities, Distributed And Undistributed Earnings/Loss, Basic",3800,2.19,USD / shares,Basic Earnings Per Share,4200,33916000000.0,USD,Net Income/Loss Attributable To Parent,3500,6786000000.0,USD,"Selling, General, and Administrative Expenses",1010,79252000000.0,USD,Benefits Costs and Expenses,200,33916000000.0,USD,Income/Loss From Continuing Operations After Tax,1400,40323000000.0,USD,Income/Loss From Continuing Operations Before Tax,1500,64720000000.0,USD,Cost Of Revenue,300,15509763000.0,shares,Basic Average Shares,4400,0,USD,Net Income/Loss Attributable To Noncontrolling Interest,3300,40373000000.0,USD,Operating Income/Loss,1100,7696000000.0,USD,Research and Development,1030,-50000000.0,USD,Nonoperating Income/Loss,900,6407000000.0,USD,Income Tax Expense/Benefit,2200,14482000000.0,USD,Operating Expenses,1000,33916000000.0,USD,"Net Income/Loss Available To Common Stockholders, Basic",3700,2024-02-01T23:03:38Z,quarterly,Q1,2024,0000320193,3571,['AAPL'],Apple Inc.,https://api.polygon.io/v1/reference/sec/filings/0000320193-24-000006,http://api.polygon.io/v1/reference/sec/filings/0000320193-24-000006/files/aapl-20231230_htm.xml,,,,,,,,
AAPL,Q4 2019,,,2019-06-30,2019-09-28,138319000000.0,USD,Other Non-current Assets,350,37378000000.0,USD,Fixed Assets,320,4106000000.0,USD,Inventory,230,338516000000.0,USD,Liabilities And Equity,1900,162819000000.0,USD,Current Assets,200,46236000000.0,USD,Accounts Payable,710,175697000000.0,USD,Noncurrent Assets,300,,,,,59482000000.0,USD,Other Current Liabilities,740,142310000000.0,USD,Noncurrent Liabilities,800,90488000000.0,USD,Equity,1400,248028000000.0,USD,Liabilities,600,158713000000.0,USD,Other Current Assets,250,0,USD,Equity Attributable To Noncontrolling Interest,1500,338516000000.0,USD,Assets,100,105718000000.0,USD,Current Liabilities,700,,,,,90488000000.0,USD,Equity Attributable To Parent,1600,0.0,USD,Other Comprehensive Income/Loss,400,13686000000.0,USD,Comprehensive Income/Loss Attributable To Parent,300,13686000000.0,USD,Comprehensive Income/Loss,100,55000000.0,USD,Other Comprehensive Income/Loss Attributable To Parent,600,0,USD,Comprehensive Income/Loss Attributable To Noncontrolling Interest,200,-798000000.0,USD,"Net Cash Flow From Investing Activities, Continuing",500,-1927000000.0,USD,"Net Cash Flow, Continuing",1200,-21039000000.0,USD,Net Cash Flow From Financing Activities,700,19910000000.0,USD,"Net Cash Flow From Operating Activities, Continuing",200,-21039000000.0,USD,"Net Cash Flow From Financing Activities, Continuing",800,-798000000.0,USD,Net Cash Flow From Investing Activities,400,-1927000000.0,USD,Net Cash Flow,1100,19910000000.0,USD,Net Cash Flow From Operating Activities,100,24313000000.0,USD,Gross Profit,800,13686000000.0,USD,Net Income/Loss,3200,3.03,USD / shares,Diluted Earnings Per Share,4300,64040000000.0,USD,Revenues,100,0.0,USD,Costs And Expenses,600,-42846000.0,shares,Diluted Average Shares,4500,0,USD,Preferred Stock Dividends And Other Adjustments,3900,0,USD,"Participating Securities, Distributed And Undistributed Earnings/Loss, Basic",3800,3.05,USD / shares,Basic Earnings Per Share,4200,13686000000.0,USD,Net Income/Loss Attributable To Parent,3500,4578000000.0,USD,"Selling, General, and Administrative Expenses",1010,0.0,USD,Benefits Costs and Expenses,200,13686000000.0,USD,Income/Loss From Continuing Operations After Tax,1400,64040000000.0,USD,Income/Loss From Continuing Operations Before Tax,1500,39727000000.0,USD,Cost Of Revenue,300,-42341000.0,shares,Basic Average Shares,4400,0,USD,Net Income/Loss Attributable To Noncontrolling Interest,3300,15625000000.0,USD,Operating Income/Loss,1100,4110000000.0,USD,Research and Development,1030,502000000.0,USD,Nonoperating Income/Loss,900,2441000000.0,USD,Income Tax Expense/Benefit,2200,8688000000.0,USD,Operating Expenses,1000,13686000000.0,USD,"Net Income/Loss Available To Common Stockholders, Basic",3700,,quarterly,Q4,2019,0000320193,3571,['AAPL'],APPLE INC,,,810000000.0,USD,"Interest Expense, Operating",2700.0,-302000000.0,USD,"Income Tax Expense/Benefit, Deferred",2400.0
